Contact: First Name,Contact: Middle Name,Contact: Last Name,Contact: Date of Birth,Contact: Assigned,Contact: Phone Number,Contact: ID
Frank,Marie,Smith,04/04/2009,Individual Contributor,504523377,249525
Evelyn,Thomas,Taylor,09/12/2010,Aaron Artsen,195730020,648685
Frank,J.,Davis,12/31/2009,Gabe Michel,930095284,984846
Evelyn,Thomas,Martin,04/25/2012,Tim Mint,999124133,363948
Alan,E.,Martin,01/01/2023,Gabe Michel,244017546,171541
Bethany,E.,Smith,01/28/2022,Individual Contributor,458778761,768931
Derek,T.,Martin,04/01/2016,Tim Mint,855428027,4205
Chris,E.,Davis,03/30/2015,Gabe Michel,642555733,138181
Chris,Marie,Smith,01/24/2007,Individual Contributor,933602656,872619
Bethany,J.,Donald,10/29/2019,Aaron Artsen,832419189,953304
Frank,James,Donald,01/22/2010,Gabe Michel,109732727,238048
Evelyn,T.,Martin,02/12/2006,Bond Liver,679669927,585251
Hannah,M.,Taylor,06/03/2022,Individual Contributor,187906057,391769
Evelyn,James,Taylor,03/03/2011,Individual Contributor,915495850,969873
George,T.,Brown,11/26/2018,Individual Contributor,108600554,316454
Irene,T.,Smith,06/02/2011,Tim Mint,142726971,121278
Frank,Marie,Johnson,04/20/2020,Gabe Michel,203684278,953164
Frank,Marie,Davis,11/27/2011,Aaron Artsen,863425427,441949
Jake,Thomas,Johnson,10/02/2012,Individual Contributor,332926718,410785
Evelyn,M.,Smith,04/15/2006,Bond Liver,736490541,397231
Jake,J.,Davis,08/09/2009,Tim Mint,215634223,945219
Bethany,Marie,Davis,06/08/2016,Gabe Michel,780877918,354293
Frank,Elizabeth,Donald,04/20/2008,Individual Contributor,652513216,659148
Hannah,T.,White,08/13/2008,Bond Liver,330046553,550678
Hannah,James,Smith,11/18/2024,Aaron Artsen,161167041,241546
Chris,M.,White,06/05/2024,Individual Contributor,231714232,690119
Irene,E.,Taylor,06/27/2021,Tim Mint,881131226,994652
Irene,Thomas,Johnson,10/29/2021,Gabe Michel,832440364,588165
Hannah,Elizabeth,Martin,09/08/2005,Gabe Michel,745614862,375979
Bethany,J.,Martin,03/02/2005,Gabe Michel,649559919,739060
Irene,T.,White,03/28/2020,Bond Liver,525461264,617683
Bethany,M.,Johnson,08/31/2008,Gabe Michel,943110152,833070
Jake,James,Johnson,12/18/2020,Gabe Michel,517028772,226608
Frank,Thomas,Taylor,02/10/2020,Bond Liver,804885500,197157
Alan,M.,Smith,11/21/2007,Gabe Michel,311668565,434053
Bethany,E.,Smith,04/05/2006,Aaron Artsen,648165615,330172
Frank,Elizabeth,Donald,08/11/2011,Tim Mint,887914968,516352
Frank,T.,Johnson,06/22/2018,Aaron Artsen,431860747,432635
Jake,Thomas,Davis,01/07/2005,Gabe Michel,677698685,664159
Irene,James,Davis,01/24/2018,Gabe Michel,390481143,529459
Hannah,E.,Brown,02/04/2015,Individual Contributor,647351202,712031
Bethany,James,White,07/14/2017,Gabe Michel,300841161,287201
Derek,Thomas,Davis,05/22/2013,Individual Contributor,529024451,231101
George,E.,Donald,11/13/2022,Gabe Michel,311032618,728219
Hannah,T.,Donald,05/12/2010,Aaron Artsen,672618708,583770
Alan,Marie,Smith,09/26/2018,Aaron Artsen,744971738,489772
Frank,T.,Brown,07/13/2005,Aaron Artsen,258224538,47067
Irene,Marie,Davis,12/02/2015,Individual Contributor,587671988,54923
Alan,T.,Martin,04/12/2006,Tim Mint,811429632,329890
Chris,E.,Donald,12/28/2016,Tim Mint,199757595,246912
Chris,Elizabeth,Donald,10/04/2006,Aaron Artsen,768500664,735692
Alan,E.,Donald,07/16/2021,Bond Liver,986094208,541775
Irene,M.,Martin,01/07/2019,Individual Contributor,843038144,310001
Frank,Marie,Martin,12/17/2009,Gabe Michel,695298700,463287
George,James,Donald,05/12/2023,Gabe Michel,173829027,154967
Frank,James,Donald,02/04/2020,Gabe Michel,457487448,384565
Alan,Elizabeth,White,08/05/2015,Aaron Artsen,590584762,921058
Bethany,M.,Donald,08/29/2015,Individual Contributor,308705993,476801
Bethany,Elizabeth,Donald,06/26/2010,Individual Contributor,444347041,356697
Irene,James,Martin,09/19/2005,Individual Contributor,499618231,683254
Jake,James,Donald,10/09/2010,Aaron Artsen,812512148,625103
Alan,J.,Smith,09/10/2019,Gabe Michel,265836162,569686
George,James,Martin,01/30/2009,Individual Contributor,178935052,897751
Derek,E.,Brown,09/02/2019,Aaron Artsen,945516645,253144
George,Thomas,Brown,12/22/2011,Bond Liver,909775701,976138
Bethany,Elizabeth,Smith,08/13/2008,Gabe Michel,986665329,110224
George,E.,Johnson,09/14/2007,Aaron Artsen,219980733,121881
George,Marie,White,01/03/2010,Gabe Michel,716745355,840693
Alan,J.,Taylor,05/06/2005,Gabe Michel,883510443,455004
Alan,E.,Taylor,07/23/2021,Bond Liver,414077322,54845
Alan,M.,White,06/06/2022,Gabe Michel,463398130,440369
Irene,J.,Taylor,08/24/2021,Tim Mint,656649386,935874
Alan,M.,Smith,08/16/2014,Individual Contributor,996713105,10957
Derek,T.,Smith,10/16/2019,Gabe Michel,515891170,405403
Jake,J.,Taylor,09/24/2023,Aaron Artsen,733892180,793483
Alan,T.,White,11/29/2013,Gabe Michel,133103334,154832
Derek,E.,Smith,08/03/2012,Bond Liver,117642200,346892
George,James,Taylor,05/12/2009,Gabe Michel,480477871,921821
Derek,James,Davis,07/29/2022,Tim Mint,462979533,803060
Irene,M.,Davis,09/09/2020,Gabe Michel,918260113,440400
Evelyn,J.,Smith,12/23/2010,Individual Contributor,766092488,916209
Alan,M.,Johnson,01/05/2021,Bond Liver,363273530,394773
Evelyn,T.,Donald,04/08/2010,Tim Mint,701716425,585051
Hannah,T.,Donald,10/29/2013,Gabe Michel,148558167,201378
Hannah,M.,White,05/22/2014,Aaron Artsen,772514409,263710
Frank,E.,Taylor,04/23/2005,Gabe Michel,780339339,535804
Irene,T.,White,04/05/2020,Bond Liver,738149607,359519
Irene,Thomas,Martin,02/21/2009,Gabe Michel,883441080,245701
Bethany,J.,White,07/25/2012,Tim Mint,269263074,745703
Frank,Thomas,Taylor,02/25/2014,Gabe Michel,716809364,227772
Alan,M.,Smith,08/28/2016,Tim Mint,903926255,212588
Evelyn,Marie,Taylor,09/08/2014,Aaron Artsen,552592516,846239
Derek,T.,Davis,10/10/2024,Gabe Michel,925652519,764452
Jake,Marie,Martin,08/30/2009,Gabe Michel,445595610,995121
Alan,Marie,White,07/24/2023,Bond Liver,764606099,696494
Jake,Thomas,Johnson,06/27/2015,Tim Mint,529200199,387006
Irene,Marie,Davis,11/26/2007,Gabe Michel,853325541,238526
Irene,Marie,Martin,03/30/2017,Aaron Artsen,283850873,296453
Bethany,Elizabeth,Taylor,04/01/2010,Tim Mint,554972947,249962
Chris,E.,Davis,12/04/2015,Individual Contributor,322887027,451183
Bethany,M.,Johnson,12/21/2014,Gabe Michel,966585896,220233
Hannah,Marie,Johnson,08/30/2008,Gabe Michel,868263672,170477
George,Thomas,White,02/21/2022,Individual Contributor,409154044,745534
Jake,Elizabeth,Davis,12/23/2008,Tim Mint,282530521,187987
Bethany,E.,Martin,11/04/2007,Individual Contributor,340352047,937795
Frank,Thomas,Johnson,09/25/2010,Aaron Artsen,694875939,555944
Derek,T.,Donald,04/06/2024,Bond Liver,644453667,721903
George,Thomas,Davis,04/28/2016,Aaron Artsen,355940138,43447
Alan,T.,White,06/05/2020,Gabe Michel,177157963,997593
Bethany,Elizabeth,Donald,03/10/2011,Individual Contributor,446200494,745113
Bethany,Elizabeth,Martin,02/07/2020,Individual Contributor,321054519,338474
Irene,Elizabeth,Davis,10/08/2014,Tim Mint,486493696,290936
Hannah,Marie,Brown,10/14/2019,Individual Contributor,793755467,106276
Irene,Marie,White,10/15/2006,Gabe Michel,619489426,466515
Evelyn,Elizabeth,Johnson,07/30/2019,Tim Mint,407399844,422741
Evelyn,T.,Martin,11/18/2013,Individual Contributor,685844010,201127
Evelyn,Marie,Donald,04/18/2007,Individual Contributor,410407066,389026
Bethany,James,Donald,05/18/2005,Gabe Michel,907765416,19417
Irene,T.,Smith,08/20/2013,Aaron Artsen,957458144,969629
George,Elizabeth,Davis,02/27/2010,Individual Contributor,286974114,7057
Jake,Marie,Davis,01/13/2018,Aaron Artsen,236080483,463776
Evelyn,E.,Donald,09/29/2016,Bond Liver,862894256,553474
Bethany,M.,Johnson,05/13/2024,Aaron Artsen,699175445,518584
Irene,E.,Davis,05/10/2017,Individual Contributor,437901930,157058
Jake,M.,Taylor,06/01/2009,Gabe Michel,819181250,889262
Derek,Elizabeth,Donald,06/29/2008,Tim Mint,346058207,505576
Chris,Elizabeth,Donald,06/03/2015,Aaron Artsen,520194797,476938
Bethany,M.,Johnson,05/30/2009,Gabe Michel,200365373,884221
Irene,E.,Davis,04/02/2019,Individual Contributor,703129331,477627
Derek,E.,Martin,01/05/2014,Individual Contributor,413215296,254556
Frank,Elizabeth,Martin,03/14/2006,Individual Contributor,114236470,123389
Alan,James,Johnson,10/17/2024,Gabe Michel,406670100,368257
Bethany,T.,Taylor,12/01/2021,Gabe Michel,966577852,970505
Irene,Thomas,Brown,05/08/2009,Gabe Michel,775445503,644930
George,Marie,Davis,12/16/2018,Bond Liver,369547543,141138
Bethany,T.,Donald,09/01/2010,Aaron Artsen,938686845,248259
Chris,E.,Donald,09/08/2018,Tim Mint,238584595,182455
Chris,J.,Brown,07/30/2009,Aaron Artsen,587976665,693077
Evelyn,E.,Taylor,08/10/2021,Gabe Michel,216623652,635593
Evelyn,James,Martin,07/01/2006,Individual Contributor,766919980,2824
Evelyn,J.,Davis,09/10/2009,Bond Liver,175207656,852766
Evelyn,E.,Davis,01/25/2020,Individual Contributor,802812957,814277
Jake,T.,Taylor,11/23/2009,Gabe Michel,723852017,550222
Irene,Elizabeth,Davis,03/20/2021,Gabe Michel,919815786,442051
Hannah,M.,Johnson,02/08/2009,Gabe Michel,595942889,796557
George,Marie,White,11/19/2006,Tim Mint,625149193,917408
Derek,E.,Martin,12/13/2006,Aaron Artsen,842893227,612655
Evelyn,E.,White,09/10/2021,Gabe Michel,972100037,483370
Alan,M.,Brown,04/04/2005,Gabe Michel,678274571,597492
Bethany,J.,Johnson,02/05/2023,Aaron Artsen,666820814,849651
Alan,E.,Smith,07/15/2012,Tim Mint,792670869,993553
Hannah,J.,Martin,11/25/2019,Tim Mint,322021142,840526
George,J.,Taylor,09/19/2015,Individual Contributor,219905883,984074
Bethany,Marie,Johnson,09/10/2007,Gabe Michel,819158297,986412
Evelyn,Thomas,Davis,02/06/2011,Bond Liver,511380106,466111
Irene,J.,White,10/04/2010,Individual Contributor,819843023,820756
Derek,T.,Martin,01/12/2020,Aaron Artsen,680631769,135359
Jake,M.,Johnson,12/15/2023,Aaron Artsen,408969926,826056
Alan,T.,Taylor,12/14/2017,Tim Mint,430771602,630067
Irene,M.,Taylor,06/28/2014,Aaron Artsen,839914954,35338
Hannah,James,Johnson,12/13/2016,Gabe Michel,207440724,944657
George,J.,Donald,03/31/2014,Individual Contributor,136939506,882867
Chris,Thomas,Johnson,10/07/2012,Individual Contributor,830196047,547742
Irene,J.,White,08/27/2022,Aaron Artsen,707184143,486998
Alan,J.,Taylor,09/14/2015,Bond Liver,609397792,572665
Hannah,Elizabeth,Smith,01/25/2020,Aaron Artsen,540049338,915316
Irene,J.,White,02/19/2019,Aaron Artsen,181172934,41917
George,Marie,White,04/05/2013,Gabe Michel,842348401,857441
George,Marie,White,01/07/2023,Aaron Artsen,286587244,4455
Bethany,M.,Martin,10/02/2013,Gabe Michel,143118022,103916
Derek,J.,Davis,04/29/2013,Gabe Michel,571781862,636213
Frank,Elizabeth,Davis,10/30/2016,Gabe Michel,477748333,903063
Jake,M.,Smith,03/15/2022,Gabe Michel,678299720,365600
George,Elizabeth,Martin,05/24/2022,Individual Contributor,725977077,86887
Chris,Thomas,Taylor,05/25/2013,Tim Mint,171931375,501697
Chris,T.,Martin,02/10/2020,Gabe Michel,890349273,535773
Jake,Marie,Donald,05/31/2012,Gabe Michel,264543808,632933
Chris,E.,Brown,09/30/2015,Gabe Michel,724768373,332723
Hannah,James,White,11/29/2022,Individual Contributor,608954984,451432
Bethany,J.,Johnson,12/28/2013,Gabe Michel,941799092,583558
George,T.,White,10/18/2009,Tim Mint,414604593,603997
Irene,E.,White,08/04/2014,Individual Contributor,647929199,613243
Hannah,T.,Davis,04/19/2010,Bond Liver,924205350,535795
Frank,M.,Taylor,07/24/2018,Individual Contributor,362556308,196361
Alan,Marie,Smith,12/31/2020,Tim Mint,253040280,164884
George,E.,White,11/16/2023,Bond Liver,254008876,812518
Chris,T.,Smith,02/24/2008,Aaron Artsen,206777816,402082
George,Elizabeth,White,09/27/2012,Gabe Michel,150450826,182486
Alan,Marie,Taylor,04/16/2008,Gabe Michel,223563532,425720
Frank,Elizabeth,Brown,06/06/2009,Gabe Michel,425399449,615235
Evelyn,M.,White,11/04/2014,Tim Mint,463545524,976558
Derek,Elizabeth,Martin,09/03/2005,Aaron Artsen,687275989,292472
Derek,T.,Martin,09/17/2009,Gabe Michel,554891727,50217
Hannah,Thomas,Taylor,02/21/2006,Gabe Michel,976756883,277679
Evelyn,Elizabeth,Smith,12/24/2023,Aaron Artsen,978983476,353955
George,T.,Smith,06/17/2021,Bond Liver,902570236,663817
Alan,M.,Taylor,09/30/2011,Tim Mint,602891431,440091
Alan,James,Johnson,06/16/2024,Tim Mint,304320357,138070
Frank,Thomas,Donald,10/13/2020,Aaron Artsen,857591611,749596
Alan,J.,Brown,09/21/2018,Tim Mint,179357267,751372
Alan,James,Smith,12/07/2020,Bond Liver,219816309,192810
Bethany,Marie,Smith,10/25/2013,Aaron Artsen,726181333,684098
Frank,M.,Donald,07/29/2011,Gabe Michel,129561213,810705
Hannah,J.,Martin,05/16/2023,Tim Mint,312845224,317028
Derek,Marie,Johnson,03/27/2006,Gabe Michel,976420237,71558
Derek,T.,Johnson,01/06/2020,Bond Liver,312157683,929087
Chris,T.,Smith,04/29/2013,Gabe Michel,466145252,995175
Hannah,E.,Brown,01/14/2008,Tim Mint,627654252,695482
Alan,Elizabeth,Smith,10/03/2020,Aaron Artsen,684699082,429760
Irene,James,Davis,07/14/2018,Gabe Michel,306943350,499943
George,James,Taylor,02/04/2017,Gabe Michel,569690793,222283
Derek,Elizabeth,Brown,09/22/2007,Individual Contributor,724787462,343777
Bethany,Elizabeth,Brown,10/04/2011,Gabe Michel,657603031,675019
Derek,Elizabeth,Martin,11/22/2024,Individual Contributor,117297827,289895
Evelyn,E.,Johnson,03/14/2006,Tim Mint,948604668,719053
Chris,Marie,Davis,12/12/2024,Gabe Michel,776852151,641838
Bethany,Thomas,Smith,11/26/2022,Gabe Michel,876422187,797127
Jake,Thomas,Brown,05/20/2017,Gabe Michel,889639717,103130
Bethany,E.,Smith,03/23/2014,Bond Liver,699620488,471951
Irene,Elizabeth,Taylor,06/02/2005,Gabe Michel,291800949,469383
Jake,J.,Smith,10/13/2009,Bond Liver,272323948,924236
Hannah,Elizabeth,Davis,08/02/2015,Individual Contributor,472170263,678851
Frank,E.,Davis,01/01/2007,Aaron Artsen,757604890,606626
Irene,Elizabeth,Johnson,12/06/2024,Gabe Michel,966460184,13974
Irene,M.,Johnson,11/04/2010,Tim Mint,400371875,20483
Chris,T.,Martin,08/09/2010,Individual Contributor,992238688,897981
Bethany,J.,Taylor,09/11/2023,Tim Mint,777995967,399181
Hannah,James,Smith,02/07/2024,Individual Contributor,129012178,988021
Evelyn,T.,Davis,05/12/2020,Bond Liver,353183456,343725
Frank,Marie,Smith,08/03/2019,Aaron Artsen,618470368,361516
Jake,J.,Johnson,01/21/2010,Gabe Michel,730844243,990546
Chris,M.,Brown,10/18/2007,Bond Liver,673634785,453856
Frank,Elizabeth,Donald,07/13/2011,Individual Contributor,535137869,515873
Hannah,E.,Davis,03/26/2015,Individual Contributor,759667804,721563
Chris,James,Donald,07/22/2023,Aaron Artsen,647353526,422672
Irene,Marie,Johnson,04/14/2007,Aaron Artsen,464233041,393146
Irene,Thomas,Donald,04/12/2019,Aaron Artsen,892908720,374402
Hannah,Marie,Johnson,03/07/2011,Bond Liver,530615502,574366
George,T.,White,09/06/2023,Individual Contributor,112006591,644701
Evelyn,T.,Johnson,09/16/2007,Individual Contributor,528098172,107904
Derek,James,Brown,02/26/2015,Bond Liver,169133085,240796
Frank,T.,Johnson,01/07/2023,Bond Liver,783622051,205561
Hannah,J.,Donald,05/30/2017,Individual Contributor,673485315,516636
Frank,Thomas,Davis,01/07/2023,Gabe Michel,715681194,861873
Chris,Elizabeth,Martin,12/13/2006,Tim Mint,482709334,948479
Alan,E.,Martin,10/16/2015,Gabe Michel,551950711,24137
Alan,M.,Brown,11/18/2019,Gabe Michel,303218249,711736
Bethany,E.,Davis,11/01/2013,Gabe Michel,987736626,839826
George,Elizabeth,Davis,02/25/2015,Tim Mint,248759074,566909
Hannah,J.,White,04/24/2022,Individual Contributor,642405648,579156
Jake,Thomas,Davis,02/12/2023,Gabe Michel,572312905,297824
Frank,Elizabeth,Brown,03/04/2007,Gabe Michel,992978821,528942
Irene,Thomas,Donald,10/13/2011,Aaron Artsen,631601284,986008
Irene,Thomas,Martin,04/07/2016,Aaron Artsen,734362170,151237
Bethany,E.,Davis,06/13/2020,Individual Contributor,583510407,698795
Bethany,J.,Smith,08/05/2019,Bond Liver,351526259,997656
Irene,Elizabeth,Taylor,03/31/2009,Tim Mint,419156794,881057
George,Elizabeth,White,10/28/2020,Gabe Michel,259123028,175700
Alan,M.,Martin,10/17/2008,Tim Mint,795841168,315483
Evelyn,M.,Martin,02/12/2019,Gabe Michel,412993296,1777
Chris,J.,Brown,01/08/2011,Bond Liver,344008444,42720
Bethany,M.,Taylor,07/08/2020,Gabe Michel,343585491,11825
Jake,Thomas,Martin,10/26/2015,Bond Liver,689425897,522685
Hannah,T.,Smith,04/24/2013,Bond Liver,177103194,695650
Irene,Elizabeth,Davis,02/16/2021,Aaron Artsen,547557499,948937
Alan,Elizabeth,Taylor,10/21/2012,Aaron Artsen,616834741,265277
George,M.,Johnson,03/20/2024,Aaron Artsen,106823781,350638
Hannah,E.,Martin,03/15/2014,Bond Liver,803651213,276838
Alan,Thomas,Smith,12/17/2016,Gabe Michel,125247847,896645
Evelyn,Thomas,Brown,12/21/2019,Gabe Michel,811448110,125179
Jake,J.,Smith,05/27/2012,Gabe Michel,496257458,783091
Evelyn,Marie,Johnson,02/11/2007,Tim Mint,714727223,147648
Bethany,Thomas,Donald,10/02/2006,Bond Liver,529866143,371610
Chris,Thomas,Smith,09/03/2011,Tim Mint,687441849,769942
Hannah,T.,Davis,04/25/2023,Gabe Michel,537281745,181197
Jake,James,Taylor,06/02/2008,Individual Contributor,381375122,560530
Hannah,T.,Martin,09/02/2005,Bond Liver,526556889,559135
George,Thomas,Martin,03/12/2009,Tim Mint,613941402,720797
Chris,M.,Davis,04/06/2023,Bond Liver,967658186,968444
Chris,Marie,Martin,07/22/2011,Aaron Artsen,990447166,643088
Irene,James,Taylor,09/12/2018,Individual Contributor,779620898,506501
Irene,J.,Johnson,08/03/2008,Bond Liver,764785791,523625
Evelyn,Elizabeth,Smith,11/19/2016,Tim Mint,795995881,818555
Chris,E.,Johnson,06/16/2020,Gabe Michel,635012542,6610
Chris,T.,White,07/29/2017,Gabe Michel,467255961,567843
Frank,James,Davis,08/08/2008,Bond Liver,538227731,235104
Evelyn,Elizabeth,White,10/24/2009,Aaron Artsen,783138828,283017
George,J.,Johnson,08/11/2014,Individual Contributor,256698879,633749
Derek,Elizabeth,Donald,04/18/2007,Aaron Artsen,460707546,378012
Bethany,E.,Johnson,08/19/2015,Gabe Michel,594126810,359829
Bethany,T.,Brown,05/10/2018,Gabe Michel,644091717,160408
George,Marie,Davis,11/17/2014,Individual Contributor,904518488,619187
Bethany,Thomas,Donald,11/25/2009,Tim Mint,455846706,992623
Derek,M.,Davis,12/01/2019,Tim Mint,984401201,253307
Hannah,T.,Johnson,01/18/2022,Individual Contributor,465682672,320298
Evelyn,Thomas,Donald,01/05/2009,Bond Liver,495130729,416169
Bethany,T.,Taylor,08/25/2016,Tim Mint,709980908,854826
Chris,E.,Taylor,09/01/2009,Aaron Artsen,185763296,57205
Hannah,E.,Smith,08/26/2005,Aaron Artsen,934295405,469365
Bethany,Marie,Martin,09/21/2008,Gabe Michel,603911563,642124
Alan,E.,White,05/05/2019,Bond Liver,100843142,633135
Jake,Elizabeth,White,10/29/2022,Gabe Michel,828408374,298162
Evelyn,Marie,Taylor,06/13/2014,Gabe Michel,412915588,674554
George,E.,Donald,08/31/2017,Aaron Artsen,449101478,271131
Irene,James,Brown,09/22/2023,Tim Mint,197103042,4761
Bethany,T.,Taylor,05/03/2022,Aaron Artsen,157975327,840483
Irene,Elizabeth,Taylor,07/18/2023,Bond Liver,236825336,816496
Hannah,E.,Smith,08/14/2013,Gabe Michel,209338151,536023
Jake,James,Davis,06/05/2013,Individual Contributor,173004725,574854
George,Elizabeth,White,12/23/2013,Bond Liver,680824109,694475
Irene,James,Davis,03/24/2017,Bond Liver,795580562,417205
Derek,M.,Davis,07/09/2024,Aaron Artsen,370137734,892791
Irene,Marie,Brown,10/01/2019,Gabe Michel,723441675,743684
Chris,James,Brown,02/25/2012,Individual Contributor,609422398,784359
Frank,M.,Martin,10/12/2017,Gabe Michel,265825139,861717
Alan,T.,Martin,10/23/2006,Gabe Michel,436866370,909372
Jake,M.,Martin,12/21/2007,Gabe Michel,944157040,37477
Derek,E.,Smith,06/22/2012,Aaron Artsen,133306499,159349
Hannah,Elizabeth,Smith,04/12/2018,Aaron Artsen,582623388,646343
Jake,Elizabeth,White,01/19/2005,Tim Mint,474714305,109824
George,M.,Smith,04/28/2006,Aaron Artsen,839570585,400543
Alan,M.,Davis,08/12/2021,Tim Mint,474394367,584017
Evelyn,Marie,Martin,06/12/2006,Bond Liver,285424398,365569
Irene,Marie,Brown,01/22/2021,Individual Contributor,645456932,604815
George,Thomas,Donald,03/20/2006,Gabe Michel,698692461,92962
Derek,Marie,White,04/16/2010,Bond Liver,196046925,965847
Bethany,James,White,04/19/2011,Aaron Artsen,794997864,530325
Derek,T.,White,12/21/2013,Aaron Artsen,651627996,275528
Irene,M.,Davis,03/26/2007,Tim Mint,497652240,105414
Bethany,M.,Davis,09/06/2012,Gabe Michel,163040531,645587
Evelyn,E.,Johnson,02/18/2010,Bond Liver,228846759,516864
Alan,E.,Smith,04/12/2006,Gabe Michel,853277554,531895
Derek,Elizabeth,Taylor,05/16/2005,Gabe Michel,455430692,20831
Alan,T.,Donald,07/29/2015,Gabe Michel,742200656,708533
Hannah,James,Davis,08/14/2011,Gabe Michel,492866487,488373
George,J.,Smith,11/02/2016,Aaron Artsen,803421022,261071
Alan,E.,Taylor,02/10/2008,Aaron Artsen,752214448,737782
George,Marie,Martin,11/10/2014,Individual Contributor,579828190,689357
George,Elizabeth,Taylor,10/10/2007,Aaron Artsen,203954222,834353
Alan,E.,Donald,02/22/2017,Gabe Michel,705779382,233670
Jake,Thomas,White,01/03/2009,Individual Contributor,505152067,337795
Chris,E.,Martin,10/26/2015,Gabe Michel,466878795,499547
Derek,Thomas,Brown,11/10/2021,Gabe Michel,301047649,313383
Bethany,E.,Donald,05/15/2015,Tim Mint,697204665,282581
Jake,James,White,09/02/2021,Bond Liver,655053748,645272
Irene,T.,Taylor,03/18/2010,Individual Contributor,897158554,818117
Frank,Thomas,Taylor,10/10/2017,Gabe Michel,805758646,495043
Evelyn,Elizabeth,Smith,03/21/2009,Gabe Michel,595685373,549523
Evelyn,E.,Donald,02/15/2008,Gabe Michel,165782986,782706
George,Thomas,Donald,04/30/2016,Aaron Artsen,900967239,938398
Frank,T.,Davis,08/04/2009,Bond Liver,486929509,260055
Irene,James,Donald,12/25/2006,Bond Liver,148777570,438622
Bethany,James,Smith,06/12/2007,Individual Contributor,404809716,607339
Chris,T.,Taylor,11/13/2008,Bond Liver,440876047,861964
Frank,Thomas,White,11/10/2007,Bond Liver,855711464,775827
Evelyn,M.,Johnson,07/02/2013,Aaron Artsen,990879746,520475
Chris,M.,Martin,01/14/2018,Individual Contributor,979317847,308610
Bethany,Elizabeth,Davis,02/19/2015,Gabe Michel,770930753,47504
Irene,Elizabeth,Davis,04/19/2009,Gabe Michel,715492962,250479
Derek,J.,Johnson,06/04/2009,Tim Mint,673969188,969203
Derek,E.,Smith,06/10/2013,Gabe Michel,276695532,944999
Hannah,James,White,05/08/2024,Individual Contributor,503702060,22179
Alan,James,Taylor,05/28/2017,Aaron Artsen,419607503,476863
George,J.,Johnson,10/14/2023,Gabe Michel,607555870,300446
Bethany,T.,Johnson,11/18/2013,Aaron Artsen,900555810,232730
Derek,Thomas,White,01/22/2012,Gabe Michel,644891892,540236
Hannah,T.,Johnson,07/07/2018,Gabe Michel,762868396,218687
Evelyn,Elizabeth,Smith,10/27/2007,Individual Contributor,211211323,555152
Evelyn,J.,Taylor,08/25/2008,Gabe Michel,506236687,279495
Frank,J.,White,11/15/2016,Bond Liver,797955273,802878
George,M.,White,07/10/2017,Bond Liver,437614381,986997
Bethany,M.,Smith,10/22/2018,Gabe Michel,582207281,625775
Chris,James,White,08/16/2016,Gabe Michel,351349566,110753
Irene,Marie,White,05/02/2011,Tim Mint,160515747,656823
Alan,E.,Smith,05/16/2015,Tim Mint,989607014,955365
Hannah,T.,Martin,07/21/2011,Tim Mint,919069074,434008
Evelyn,J.,Brown,07/31/2014,Bond Liver,681775185,753115
Chris,T.,Martin,04/12/2013,Aaron Artsen,985965770,161178
Derek,Elizabeth,Taylor,10/12/2020,Bond Liver,984338639,524332
George,E.,Taylor,06/15/2019,Bond Liver,203636377,231555
Alan,Elizabeth,Smith,10/17/2014,Individual Contributor,759845867,94986
Bethany,J.,Smith,12/19/2014,Individual Contributor,229635339,984596
George,Marie,Donald,05/13/2016,Individual Contributor,428389866,589912
Jake,Thomas,Brown,07/18/2011,Gabe Michel,718088247,501823
Irene,Thomas,Taylor,06/08/2009,Aaron Artsen,322333567,415179
Derek,E.,Johnson,01/25/2021,Tim Mint,826511161,623286
Jake,E.,Brown,03/04/2012,Individual Contributor,485041106,993894
Alan,Marie,Martin,01/09/2018,Tim Mint,560845130,473361
Hannah,E.,White,09/12/2006,Aaron Artsen,375244333,803828
Jake,Thomas,Davis,04/14/2011,Gabe Michel,215774708,478562
Chris,Thomas,Johnson,10/22/2017,Gabe Michel,531331939,791949
Bethany,Thomas,Martin,08/25/2006,Individual Contributor,814409627,317723
Alan,E.,Taylor,04/05/2024,Gabe Michel,420805391,411419
George,Thomas,Donald,09/14/2013,Bond Liver,737425534,863775
Chris,J.,Martin,03/20/2007,Individual Contributor,321634037,939170
Hannah,E.,Donald,05/03/2019,Gabe Michel,233461175,229455
Bethany,E.,Smith,01/22/2013,Gabe Michel,138897680,722802
Derek,M.,White,05/24/2006,Aaron Artsen,707678691,674648
Irene,Elizabeth,Johnson,05/23/2019,Gabe Michel,171633703,109772
Chris,James,Donald,04/01/2005,Gabe Michel,820962789,331122
Chris,Marie,Johnson,09/18/2015,Gabe Michel,204069177,943199
Derek,Elizabeth,Johnson,01/28/2023,Bond Liver,323420176,285894
George,J.,Donald,01/19/2022,Individual Contributor,835182233,653595
Hannah,Elizabeth,Donald,08/07/2022,Individual Contributor,544623199,808083
George,Thomas,Brown,06/08/2018,Individual Contributor,490725958,134674
Bethany,T.,Smith,04/14/2012,Aaron Artsen,873756409,737559
Bethany,Marie,Smith,04/03/2022,Tim Mint,818115755,629630
George,Marie,Martin,09/26/2018,Individual Contributor,803609822,277092
Jake,J.,Martin,02/01/2013,Bond Liver,964037063,771925
Alan,J.,Smith,06/05/2019,Gabe Michel,856268112,644140
Hannah,E.,Brown,05/13/2014,Tim Mint,487162102,993229
Alan,Marie,White,12/08/2024,Individual Contributor,487294463,457447
Hannah,Marie,Davis,07/06/2007,Gabe Michel,492701189,11147
Irene,Marie,Johnson,03/07/2006,Aaron Artsen,586577714,802992
Alan,M.,Donald,07/05/2011,Individual Contributor,598422669,967674
Alan,T.,Donald,10/05/2015,Gabe Michel,411305773,343547
Alan,Marie,Donald,05/27/2018,Gabe Michel,750934126,196046
Jake,James,Smith,03/18/2022,Individual Contributor,872789294,993973
Derek,M.,Smith,03/03/2022,Bond Liver,815102003,776743
Irene,Elizabeth,Davis,12/20/2017,Aaron Artsen,383217703,758944
Derek,James,Donald,05/07/2009,Tim Mint,383574881,582105
Bethany,James,Brown,05/26/2015,Gabe Michel,619324197,154866
Jake,Marie,Johnson,11/30/2024,Gabe Michel,849915212,955399
Derek,Marie,Taylor,09/02/2010,Gabe Michel,307265218,58938
George,Elizabeth,Taylor,04/17/2024,Gabe Michel,626665004,799468
Bethany,Marie,Smith,03/16/2022,Individual Contributor,919571614,777759
Derek,T.,Davis,04/25/2023,Bond Liver,100808372,280769
Jake,J.,Martin,03/26/2020,Bond Liver,894216348,919014
Frank,E.,Donald,01/20/2017,Aaron Artsen,853993608,303708
Irene,E.,Brown,11/15/2024,Bond Liver,587378110,155505
Jake,Elizabeth,Davis,10/10/2007,Aaron Artsen,522061570,612341
Derek,E.,Donald,08/21/2015,Aaron Artsen,724448198,918825
Hannah,Thomas,Martin,07/12/2020,Tim Mint,561019052,91848
Evelyn,E.,Smith,04/11/2022,Gabe Michel,268077158,380069
Hannah,Marie,Brown,04/14/2024,Gabe Michel,784462226,677057
Irene,J.,Davis,06/07/2015,Gabe Michel,377797382,485325
Bethany,Elizabeth,Taylor,04/25/2023,Tim Mint,921205224,612349
Derek,James,Donald,12/08/2020,Gabe Michel,115290361,374674
Derek,Elizabeth,Johnson,02/15/2010,Bond Liver,417609223,47062
Derek,J.,Taylor,11/07/2018,Gabe Michel,491672604,765244
Chris,Marie,Taylor,08/16/2006,Tim Mint,519470349,653820
Hannah,James,Brown,02/26/2005,Aaron Artsen,326019460,649929
Irene,E.,Smith,04/25/2019,Tim Mint,717130390,804936
Hannah,Thomas,Smith,06/03/2016,Individual Contributor,274008672,862536
Chris,Elizabeth,Davis,04/06/2018,Gabe Michel,956303879,525452
Irene,T.,Donald,01/21/2015,Tim Mint,775248688,857015
Alan,T.,Johnson,03/30/2024,Bond Liver,400752756,482411
Bethany,T.,Donald,12/05/2019,Bond Liver,908499595,759944
Hannah,Thomas,Brown,03/04/2008,Gabe Michel,357572510,543497
Alan,Marie,Brown,03/08/2021,Aaron Artsen,402532724,9839
Chris,T.,Donald,08/29/2009,Gabe Michel,286838052,800727
Hannah,Thomas,Martin,11/11/2024,Gabe Michel,558618269,335545
Alan,E.,Johnson,05/22/2020,Individual Contributor,145884201,833390
Jake,J.,Brown,04/13/2008,Aaron Artsen,443512096,434206
Chris,J.,Donald,02/26/2016,Aaron Artsen,197972063,102788
Jake,Thomas,Johnson,09/23/2015,Bond Liver,976614881,566389
Jake,M.,Johnson,01/06/2021,Bond Liver,765478000,568171
Evelyn,T.,Martin,03/26/2018,Tim Mint,316028534,952364
Hannah,M.,White,05/23/2011,Gabe Michel,665210077,588390
Derek,T.,White,12/11/2021,Gabe Michel,125842529,378711
Frank,Elizabeth,Taylor,06/27/2015,Individual Contributor,265399236,841366
Evelyn,Thomas,Taylor,08/06/2011,Aaron Artsen,201060600,826440
Frank,Elizabeth,Donald,10/26/2009,Bond Liver,503258689,738624
Bethany,J.,Martin,02/20/2016,Gabe Michel,428951279,351531
George,Elizabeth,Smith,05/12/2009,Bond Liver,478111841,731886
Evelyn,J.,Johnson,08/21/2006,Tim Mint,243177268,448141
Bethany,T.,White,11/26/2023,Tim Mint,579859400,499000
Frank,James,Taylor,02/28/2019,Gabe Michel,254425092,555849
Alan,E.,Johnson,01/28/2007,Individual Contributor,608416916,582667
Irene,Elizabeth,Brown,04/12/2016,Individual Contributor,924228879,226761
Derek,T.,Martin,12/03/2014,Gabe Michel,629770078,155836
Hannah,M.,Brown,02/03/2015,Individual Contributor,397070419,840642
Jake,James,Taylor,06/03/2006,Aaron Artsen,967967336,244308
Jake,James,Brown,10/10/2009,Aaron Artsen,811961166,252074
Frank,Thomas,White,08/21/2013,Gabe Michel,772475504,302197
Frank,T.,Taylor,04/15/2024,Bond Liver,372869225,518774
George,Elizabeth,Taylor,09/01/2011,Individual Contributor,824559914,930939
Frank,James,Smith,03/01/2013,Gabe Michel,941552860,473983
Hannah,Elizabeth,Martin,01/20/2006,Gabe Michel,784223189,829870
Irene,J.,White,09/05/2024,Bond Liver,713008849,921756
George,J.,Donald,04/27/2013,Individual Contributor,270189874,517831
Derek,James,White,06/12/2018,Gabe Michel,308527831,862303
Derek,Elizabeth,Davis,02/13/2022,Aaron Artsen,779908002,798523
Hannah,Elizabeth,Taylor,08/31/2012,Individual Contributor,595082388,359337
Hannah,Elizabeth,Taylor,05/31/2022,Gabe Michel,190996306,438980
Irene,Thomas,Donald,06/17/2022,Gabe Michel,374109183,968766
Frank,Elizabeth,Brown,07/16/2022,Bond Liver,345997952,925866
Irene,Marie,Davis,08/29/2023,Tim Mint,614100953,871529
Frank,Thomas,White,05/21/2024,Aaron Artsen,497707447,927743
George,M.,Taylor,06/25/2007,Individual Contributor,608830907,559479
Bethany,E.,Martin,09/15/2017,Individual Contributor,503115326,343045
Alan,Thomas,Donald,08/20/2007,Bond Liver,524880924,242505
Jake,Thomas,Johnson,08/21/2014,Bond Liver,125529248,313340
Alan,M.,Johnson,01/13/2024,Tim Mint,252029700,663669
Alan,E.,Smith,05/26/2006,Gabe Michel,678650144,230633
Alan,Marie,White,09/30/2018,Gabe Michel,135255221,372939
Jake,M.,Donald,08/03/2009,Bond Liver,559569577,178081
Alan,M.,Martin,07/25/2011,Gabe Michel,588675287,756426
Evelyn,M.,Taylor,03/10/2012,Tim Mint,143451202,701221
George,Marie,Johnson,11/25/2012,Aaron Artsen,801598379,80711
Chris,Elizabeth,Davis,09/16/2013,Aaron Artsen,956843125,84732
George,Elizabeth,Taylor,12/13/2021,Gabe Michel,478545092,557492
George,J.,White,05/16/2021,Aaron Artsen,207972015,891481
Bethany,E.,Johnson,12/05/2021,Bond Liver,883019004,196888
Alan,Thomas,Martin,05/12/2021,Gabe Michel,129630960,26832
Alan,J.,Taylor,09/17/2021,Tim Mint,900142059,660468
Bethany,J.,Donald,09/05/2005,Tim Mint,100657819,54297
Jake,E.,Donald,02/23/2017,Aaron Artsen,310524508,326426
George,Thomas,Martin,06/02/2012,Aaron Artsen,717376347,108947
Irene,Thomas,Davis,08/29/2021,Individual Contributor,163844271,591721
Jake,J.,Johnson,06/27/2021,Gabe Michel,793152245,978972
Alan,J.,Brown,08/14/2017,Individual Contributor,550893902,990447
Jake,E.,White,05/06/2006,Gabe Michel,957598156,498261
Frank,E.,Davis,10/20/2010,Individual Contributor,212350717,777201
Hannah,T.,Davis,09/30/2018,Aaron Artsen,546218278,656125
Bethany,Marie,Brown,10/11/2007,Gabe Michel,857644000,695932
Irene,Thomas,Martin,11/03/2011,Tim Mint,537241115,966349
Derek,Elizabeth,Brown,03/24/2013,Gabe Michel,408908469,767046
Jake,T.,Davis,10/01/2012,Gabe Michel,193929375,947233
Bethany,Thomas,Brown,11/11/2016,Bond Liver,815307176,676488
Jake,Thomas,Martin,10/18/2008,Bond Liver,197255666,481219
Frank,T.,Brown,11/03/2017,Gabe Michel,151710539,759505
Derek,Marie,Donald,06/10/2008,Aaron Artsen,146837710,336692
Evelyn,Marie,Taylor,10/15/2014,Bond Liver,249035204,882926
Chris,M.,Smith,08/17/2010,Gabe Michel,886143693,777119
Hannah,Marie,White,12/16/2012,Gabe Michel,295078665,258428
Bethany,M.,Johnson,12/19/2008,Bond Liver,685790316,581116
George,Marie,Johnson,01/15/2023,Gabe Michel,613667677,439183
Alan,James,White,09/15/2014,Gabe Michel,184194209,422394
Bethany,E.,Taylor,01/15/2019,Individual Contributor,874921164,374571
Jake,Thomas,Johnson,02/21/2010,Bond Liver,101285466,876780
Chris,Marie,Johnson,11/11/2013,Aaron Artsen,512558566,849988
Irene,J.,White,10/07/2022,Gabe Michel,216637054,207912
Jake,James,Davis,08/30/2013,Bond Liver,670181922,525100
Frank,James,Johnson,01/04/2013,Individual Contributor,880311407,463448
Bethany,Thomas,Johnson,10/05/2014,Gabe Michel,546106974,144232
George,J.,Johnson,11/05/2023,Gabe Michel,577553405,195391
Jake,Elizabeth,White,02/12/2007,Bond Liver,818839408,230322
Bethany,M.,Johnson,02/27/2007,Gabe Michel,441433111,548327
Evelyn,J.,Davis,05/21/2018,Gabe Michel,610904911,134184
Jake,M.,Brown,05/31/2014,Gabe Michel,195201078,81535
Frank,James,Brown,08/30/2009,Individual Contributor,560433519,248934
Derek,E.,Donald,07/27/2010,Gabe Michel,929343112,811543
George,Marie,Davis,01/28/2015,Gabe Michel,583982794,682306
George,E.,Taylor,01/02/2021,Aaron Artsen,413285776,631693
Alan,M.,White,01/07/2024,Bond Liver,600291907,853762
Derek,James,White,06/16/2016,Gabe Michel,296213468,456729
Frank,James,Taylor,01/01/2010,Gabe Michel,470318960,658056
Alan,James,Smith,11/28/2021,Aaron Artsen,598594133,931051
Alan,M.,Johnson,06/06/2014,Gabe Michel,314213806,853785
Chris,J.,Davis,04/19/2019,Individual Contributor,923358007,630415
Chris,M.,Brown,09/10/2022,Tim Mint,593108030,198354
Irene,Marie,Johnson,05/20/2010,Gabe Michel,265273619,163425
Irene,E.,Johnson,05/06/2005,Gabe Michel,881855417,549027
Bethany,Thomas,Davis,07/11/2017,Gabe Michel,447109166,870240
Hannah,E.,Martin,05/12/2009,Gabe Michel,603960383,133672
Alan,James,Johnson,12/22/2017,Tim Mint,575150212,397694
Frank,E.,Taylor,01/17/2018,Aaron Artsen,716260186,868882
Irene,M.,Smith,03/29/2011,Individual Contributor,902346890,367248
Hannah,Elizabeth,Davis,07/30/2020,Tim Mint,533622596,220176
Derek,James,Donald,07/09/2018,Individual Contributor,984501722,391354
Evelyn,Thomas,Martin,10/17/2019,Individual Contributor,410215952,293477
Derek,Marie,Donald,02/24/2024,Gabe Michel,255983493,644047
Jake,Elizabeth,Johnson,08/17/2017,Bond Liver,775617654,212112
Frank,Marie,Brown,08/20/2006,Individual Contributor,313783683,408811
Alan,J.,White,03/11/2022,Gabe Michel,437475726,198675
George,J.,Taylor,11/29/2008,Bond Liver,452149914,513971
Irene,J.,Taylor,04/22/2011,Bond Liver,186747032,592409
Alan,Thomas,White,01/23/2017,Aaron Artsen,830889511,165985
Derek,E.,Martin,07/04/2010,Bond Liver,324596106,276861
Hannah,Elizabeth,Donald,04/20/2019,Gabe Michel,969691250,547321
George,Elizabeth,Brown,02/14/2005,Bond Liver,701004491,810567
Chris,Thomas,Brown,06/18/2007,Individual Contributor,251332566,908558
Hannah,Thomas,White,02/16/2018,Gabe Michel,327451502,343852
Jake,Thomas,Johnson,04/25/2008,Gabe Michel,383612220,375020
Hannah,Thomas,White,08/08/2016,Aaron Artsen,331799153,200528
George,Elizabeth,Johnson,08/11/2016,Bond Liver,583523461,429841
Frank,Elizabeth,Davis,06/22/2014,Gabe Michel,229242026,197282
Jake,Thomas,Taylor,01/25/2006,Tim Mint,336674021,77132
Derek,M.,Brown,05/24/2007,Gabe Michel,455686469,405523
Derek,T.,Davis,07/23/2009,Bond Liver,637906175,287985
Irene,E.,Martin,02/24/2014,Individual Contributor,903899610,585934
Irene,T.,Taylor,03/18/2012,Bond Liver,675527504,216073
Evelyn,James,Smith,12/22/2017,Tim Mint,844450267,465155
Evelyn,Marie,Smith,10/09/2019,Tim Mint,765138019,772844
Irene,James,Smith,11/08/2005,Tim Mint,835432857,124605
Bethany,M.,Martin,02/19/2008,Gabe Michel,150614535,843258
Irene,Marie,White,04/24/2006,Bond Liver,726726174,102856
Bethany,T.,Taylor,12/23/2021,Gabe Michel,473856214,893996
Derek,T.,Johnson,08/26/2010,Bond Liver,473540168,873567
Jake,J.,Donald,01/11/2019,Tim Mint,102891837,119451
George,James,Smith,12/03/2022,Tim Mint,114641502,244303
Jake,Elizabeth,White,10/24/2018,Gabe Michel,828479252,100450
Irene,Marie,Smith,07/25/2019,Tim Mint,632932435,113865
Hannah,T.,White,08/18/2021,Bond Liver,594750067,918490
Bethany,Elizabeth,Brown,03/20/2016,Bond Liver,358164432,70960
Irene,M.,Taylor,04/30/2015,Aaron Artsen,455693864,228446
Jake,James,Taylor,04/11/2017,Gabe Michel,779722197,668085
Frank,Thomas,Donald,03/20/2022,Gabe Michel,158480985,702570
Chris,Elizabeth,Martin,12/24/2022,Gabe Michel,686511648,837343
Chris,Thomas,Donald,03/22/2010,Bond Liver,940269104,185449
Derek,M.,Johnson,09/05/2017,Aaron Artsen,389210371,952748
Bethany,M.,Martin,08/18/2013,Tim Mint,430171340,52532
George,James,Donald,09/21/2013,Bond Liver,562601444,526979
Derek,M.,Martin,04/03/2013,Gabe Michel,883392452,924440
Derek,Thomas,Martin,09/11/2022,Gabe Michel,426533980,81977
Jake,J.,Martin,09/07/2022,Gabe Michel,436898179,225881
Alan,M.,Davis,05/31/2022,Gabe Michel,348692110,32211
Evelyn,J.,Brown,06/21/2015,Tim Mint,320660473,196132
Irene,Marie,Johnson,07/26/2011,Aaron Artsen,609951324,258806
Irene,J.,White,04/25/2022,Tim Mint,640208317,396574
George,James,Brown,07/12/2022,Gabe Michel,128619101,666371
Alan,Elizabeth,Brown,05/07/2015,Individual Contributor,678326163,785837
Bethany,Elizabeth,Smith,04/16/2006,Tim Mint,412709563,734349
Jake,J.,Taylor,02/05/2014,Aaron Artsen,398102371,426094
Jake,M.,Davis,04/11/2006,Bond Liver,285251071,864768
Frank,J.,Martin,07/19/2015,Tim Mint,782650049,620938
Jake,James,Brown,06/05/2005,Tim Mint,872275596,276093
Alan,M.,Brown,01/28/2005,Bond Liver,624274931,110831
Chris,T.,Taylor,10/05/2024,Gabe Michel,334799024,646392
Chris,M.,Johnson,08/25/2009,Gabe Michel,120613449,869268
Derek,Elizabeth,Johnson,08/04/2021,Gabe Michel,752856434,704789
Chris,J.,Smith,01/05/2021,Bond Liver,166457372,193013
Irene,James,Davis,10/19/2018,Aaron Artsen,169224464,130503
Jake,James,White,11/23/2023,Bond Liver,298931446,315763
Hannah,James,White,03/08/2014,Gabe Michel,344926190,282276
Hannah,T.,White,06/12/2011,Tim Mint,638344857,761057
Evelyn,T.,Davis,10/29/2006,Individual Contributor,226929474,718001
George,T.,White,10/05/2020,Aaron Artsen,604564829,191217
Irene,Marie,Davis,04/09/2008,Aaron Artsen,456503610,768924
Derek,J.,Johnson,11/30/2018,Tim Mint,487972354,908681
Derek,T.,Martin,10/13/2016,Aaron Artsen,377749827,927535
Alan,Marie,White,04/06/2011,Bond Liver,785900164,116723
Chris,J.,Smith,11/13/2015,Gabe Michel,537481752,646062
Evelyn,J.,White,10/05/2015,Gabe Michel,436607849,874628
Irene,M.,Smith,02/24/2024,Tim Mint,449299084,389883
Chris,Thomas,Donald,07/22/2015,Gabe Michel,954369905,73180
Derek,Thomas,Martin,03/09/2017,Aaron Artsen,783516014,247396
George,E.,Johnson,06/25/2015,Individual Contributor,109800310,867583
Irene,M.,Brown,12/24/2015,Bond Liver,846973874,850638
Irene,Elizabeth,Smith,10/02/2009,Gabe Michel,769659273,448015
Evelyn,E.,Donald,07/12/2013,Gabe Michel,168329854,69773
Hannah,T.,Taylor,07/17/2024,Individual Contributor,368302021,142298
Frank,E.,Taylor,07/03/2009,Tim Mint,445699741,119511
George,Thomas,Martin,08/17/2017,Bond Liver,768014788,75718
Frank,Elizabeth,Johnson,07/02/2022,Tim Mint,446548684,95727
George,M.,Johnson,04/21/2024,Gabe Michel,654726202,686436
Frank,James,Brown,10/22/2016,Tim Mint,209977986,280236
Evelyn,E.,Johnson,11/29/2021,Bond Liver,327916007,417897
Derek,J.,Donald,08/23/2013,Tim Mint,324492995,808094
Chris,Thomas,Davis,04/26/2022,Tim Mint,693935532,346984
George,James,Johnson,08/17/2005,Gabe Michel,305009149,774543
Irene,Elizabeth,Martin,04/15/2022,Aaron Artsen,961140544,555503
Jake,Elizabeth,Donald,03/19/2008,Bond Liver,408116803,69443
Bethany,J.,Smith,12/06/2020,Gabe Michel,296468884,172404
Frank,E.,Smith,05/26/2006,Gabe Michel,457550919,908965
Hannah,E.,Donald,04/11/2024,Individual Contributor,606105048,692173
Irene,T.,White,06/16/2005,Individual Contributor,329036316,117137
Irene,James,Donald,06/09/2005,Gabe Michel,875556674,351489
Chris,M.,Johnson,05/26/2019,Gabe Michel,307263245,818378
George,J.,Johnson,12/29/2004,Gabe Michel,637155863,981035
Derek,M.,Taylor,04/20/2024,Gabe Michel,198514806,494638
Chris,J.,Taylor,04/06/2019,Tim Mint,931284964,971156
Evelyn,Elizabeth,Brown,04/07/2014,Tim Mint,732192936,416289
Irene,Elizabeth,Johnson,05/25/2007,Tim Mint,315973169,3941
Jake,Elizabeth,Smith,11/08/2011,Gabe Michel,917497526,993376
Evelyn,E.,Johnson,11/27/2014,Gabe Michel,561064378,630791
Alan,Elizabeth,Taylor,01/23/2017,Gabe Michel,473100373,190623
Irene,James,Martin,04/16/2014,Bond Liver,391295192,290811
George,E.,Davis,11/15/2017,Gabe Michel,772385814,613529
George,Marie,Smith,12/28/2013,Aaron Artsen,288022945,807212
George,James,Donald,07/06/2015,Individual Contributor,465897945,881908
Hannah,Thomas,Brown,09/06/2023,Bond Liver,112927079,64492
Evelyn,J.,White,03/18/2009,Individual Contributor,607199326,217527
Hannah,J.,Johnson,08/23/2012,Bond Liver,954539809,472327
Jake,Thomas,White,05/12/2009,Individual Contributor,478550385,236991
Hannah,E.,White,03/18/2005,Bond Liver,660308758,610768
Bethany,Thomas,White,12/19/2020,Individual Contributor,168046343,284139
Alan,Elizabeth,Taylor,12/17/2005,Individual Contributor,688676093,853277
George,James,Brown,12/21/2010,Aaron Artsen,366939730,586808
Hannah,Marie,Smith,06/30/2014,Individual Contributor,451115981,518217
Jake,E.,Martin,08/22/2007,Aaron Artsen,565038172,454871
Frank,James,Martin,01/19/2023,Gabe Michel,675996084,941852
Jake,M.,Davis,03/28/2024,Aaron Artsen,397280095,821999
Derek,James,Johnson,04/08/2009,Tim Mint,790130760,189558
Derek,T.,White,08/07/2013,Gabe Michel,197097458,717260
Derek,M.,Taylor,05/30/2009,Individual Contributor,158258210,460056
Chris,Marie,White,07/03/2020,Aaron Artsen,572121435,222775
Bethany,James,White,08/03/2016,Aaron Artsen,917296583,47427
Jake,M.,Davis,10/14/2018,Gabe Michel,742742038,928274
Chris,E.,Davis,04/29/2020,Individual Contributor,249064852,69481
Derek,M.,Martin,10/03/2017,Bond Liver,649624211,189052
Bethany,T.,Brown,09/17/2016,Gabe Michel,798704367,157961
Evelyn,Thomas,Johnson,02/22/2022,Gabe Michel,619279679,869898
Frank,E.,Johnson,02/10/2008,Individual Contributor,421132230,126041
Jake,Elizabeth,Johnson,01/10/2019,Gabe Michel,196698753,436635
Irene,Elizabeth,Johnson,08/28/2005,Individual Contributor,785824235,528645
Chris,Marie,Martin,06/12/2018,Individual Contributor,489559658,293281
Alan,E.,Davis,09/16/2022,Tim Mint,167327882,89759
Irene,Elizabeth,Donald,06/20/2015,Tim Mint,725446712,925642
George,Marie,Johnson,11/05/2008,Tim Mint,958909350,518558
George,T.,White,10/19/2010,Individual Contributor,311706611,510739
Bethany,M.,Brown,03/11/2013,Gabe Michel,301727095,211060
Bethany,Marie,Smith,01/26/2012,Individual Contributor,908739763,723143
Irene,Marie,Taylor,03/03/2013,Aaron Artsen,240402073,940845
Derek,M.,Brown,02/10/2019,Gabe Michel,721580099,339034
George,E.,Smith,11/25/2006,Individual Contributor,231017894,294354
George,J.,Taylor,11/21/2010,Gabe Michel,633662112,983729
Alan,M.,Donald,08/20/2009,Gabe Michel,169330413,109029
Jake,Marie,Davis,04/09/2022,Aaron Artsen,173267337,183634
George,T.,Martin,06/17/2017,Tim Mint,514954731,471132
Hannah,Thomas,Taylor,02/09/2019,Aaron Artsen,439547431,252213
Derek,E.,Smith,03/15/2010,Tim Mint,914664372,484044
Jake,E.,Taylor,06/04/2011,Aaron Artsen,722660306,935800
Alan,J.,Martin,05/02/2012,Gabe Michel,411927084,287815
Derek,E.,Johnson,07/31/2010,Aaron Artsen,608706848,619865
George,James,Martin,04/13/2008,Aaron Artsen,211304012,94619
Derek,E.,Donald,07/05/2010,Bond Liver,562835479,300449
Alan,T.,Donald,11/14/2007,Aaron Artsen,460739485,671943
Derek,T.,Taylor,05/19/2020,Gabe Michel,906924011,659291
George,M.,Taylor,11/29/2009,Bond Liver,215331313,99378
Hannah,Thomas,White,03/06/2021,Aaron Artsen,317300046,122689
Irene,M.,Brown,05/18/2010,Tim Mint,721540606,680661
Derek,M.,Davis,12/30/2023,Gabe Michel,462412840,461263
Jake,Marie,Brown,04/23/2023,Aaron Artsen,483187117,571280
Derek,Elizabeth,Donald,09/20/2017,Gabe Michel,711859525,826091
Hannah,Thomas,Davis,11/17/2014,Tim Mint,852758390,732311
Bethany,T.,Brown,07/17/2021,Aaron Artsen,915267113,184749
Frank,M.,Martin,09/19/2013,Aaron Artsen,668473740,594075
Frank,T.,Brown,07/03/2012,Gabe Michel,746230172,314508
Irene,Elizabeth,White,03/02/2011,Aaron Artsen,180862324,792587
Chris,Elizabeth,White,06/17/2019,Gabe Michel,414736926,22415
Evelyn,Thomas,Johnson,04/19/2010,Gabe Michel,716273833,749640
Derek,E.,White,12/22/2006,Bond Liver,362466764,114692
Frank,E.,Brown,05/26/2019,Aaron Artsen,125400274,424456
Chris,Elizabeth,Brown,11/19/2008,Bond Liver,927681746,890384
Derek,James,Johnson,03/09/2015,Aaron Artsen,160116471,650990
George,J.,Smith,03/31/2018,Gabe Michel,222622621,904189
Frank,Thomas,Donald,02/03/2009,Tim Mint,688872408,999341
Jake,Thomas,Brown,12/20/2024,Gabe Michel,715300740,468584
Hannah,E.,Taylor,03/30/2021,Gabe Michel,930482531,435982
Irene,Marie,Donald,01/19/2012,Gabe Michel,112837327,273079
Jake,Marie,Martin,12/07/2018,Gabe Michel,682464863,813477
Chris,Elizabeth,Smith,03/19/2024,Bond Liver,139090005,493544
George,M.,Donald,08/19/2009,Bond Liver,764762551,708230
Irene,Elizabeth,Johnson,02/29/2008,Aaron Artsen,508090599,793633
Hannah,James,Smith,12/07/2013,Gabe Michel,485774238,410531
Frank,J.,Smith,06/22/2017,Tim Mint,948259597,276873
Bethany,Elizabeth,Smith,12/09/2007,Aaron Artsen,185671884,305293
Alan,Thomas,Johnson,04/18/2015,Gabe Michel,584762524,323672
Hannah,James,White,07/16/2009,Tim Mint,593137148,758838
Alan,Marie,Taylor,04/18/2017,Bond Liver,801735049,279270
Evelyn,M.,Davis,04/22/2015,Gabe Michel,974000698,966276
Irene,T.,Smith,05/31/2021,Gabe Michel,463809701,979339
Hannah,Thomas,Johnson,07/04/2012,Aaron Artsen,765841967,136935
Irene,J.,Taylor,10/10/2006,Bond Liver,154334917,494302
Chris,Elizabeth,Donald,05/18/2015,Aaron Artsen,531907018,164275
Chris,Thomas,Davis,01/09/2008,Tim Mint,961400968,131819
George,James,Martin,12/09/2023,Aaron Artsen,552490627,22515
George,M.,Martin,02/09/2006,Gabe Michel,381589512,756049
Jake,James,Martin,03/08/2020,Tim Mint,269247977,487270
Hannah,James,Donald,11/10/2010,Gabe Michel,783631045,773047
Jake,T.,White,03/26/2006,Individual Contributor,265630443,935213
Frank,M.,Brown,10/24/2010,Tim Mint,790256294,338342
George,Marie,Martin,09/28/2023,Tim Mint,471611579,833471
Bethany,M.,Taylor,12/30/2011,Gabe Michel,499975081,103866
Hannah,Thomas,Brown,09/11/2024,Aaron Artsen,431414741,993254
Alan,Marie,Smith,02/11/2012,Gabe Michel,909655762,933461
Jake,Thomas,Taylor,09/28/2018,Bond Liver,578861788,68832
Alan,M.,Brown,04/01/2022,Individual Contributor,133522416,319448
Frank,T.,White,10/26/2022,Bond Liver,174845248,555321
Derek,E.,Johnson,03/10/2010,Gabe Michel,836242012,157248
Bethany,E.,White,04/15/2018,Bond Liver,922292652,53887
Irene,T.,Davis,11/28/2005,Individual Contributor,452080343,682436
Jake,T.,Donald,07/15/2005,Tim Mint,267107853,512516
Chris,Thomas,White,11/18/2018,Gabe Michel,912000533,726522
George,E.,Martin,04/25/2006,Bond Liver,399042994,589011
Irene,Marie,Smith,12/23/2006,Aaron Artsen,814415898,451677
Evelyn,Marie,White,09/23/2005,Gabe Michel,964950800,260319
Alan,E.,Taylor,02/01/2019,Aaron Artsen,331704323,100111
Jake,T.,Martin,03/01/2017,Gabe Michel,520567253,91294
Evelyn,Thomas,Davis,11/16/2024,Individual Contributor,929016194,44682
George,James,Martin,11/28/2005,Gabe Michel,568693968,127687
Bethany,J.,Johnson,07/08/2008,Individual Contributor,296371143,143933
Irene,M.,Martin,05/25/2008,Gabe Michel,897898665,401783
Alan,M.,White,08/12/2013,Gabe Michel,665082363,102017
Jake,T.,Smith,12/20/2005,Individual Contributor,856941969,506589
Frank,T.,Johnson,01/19/2014,Gabe Michel,976940511,934904
Evelyn,Marie,Donald,11/26/2010,Gabe Michel,657920875,497854
Chris,J.,Taylor,04/08/2024,Gabe Michel,480123980,369441
Bethany,Thomas,Johnson,06/23/2019,Individual Contributor,152945617,785167
Alan,E.,Taylor,08/08/2021,Tim Mint,641938132,553285
Frank,J.,Taylor,07/08/2014,Aaron Artsen,522790133,928845
Hannah,M.,Brown,11/15/2018,Individual Contributor,479278041,794619
Derek,E.,Donald,03/18/2013,Individual Contributor,577077261,905756
George,M.,Brown,06/26/2017,Tim Mint,232499393,607107
Chris,E.,White,10/22/2013,Gabe Michel,908444840,671607
Jake,Thomas,Brown,09/25/2019,Gabe Michel,867406684,468731
Alan,Thomas,Brown,03/31/2012,Aaron Artsen,682509043,216354
Chris,J.,Johnson,10/26/2014,Bond Liver,418174935,156864
Frank,Marie,Johnson,09/08/2023,Gabe Michel,538384048,754677
Derek,E.,Johnson,08/21/2024,Tim Mint,985461242,29522
Irene,T.,Taylor,07/13/2020,Gabe Michel,270850580,950768
Jake,Marie,Brown,02/18/2015,Tim Mint,490017722,503713
Bethany,Marie,Donald,09/28/2018,Tim Mint,639106186,443255
Hannah,Thomas,Martin,08/27/2011,Gabe Michel,606716356,150826
Derek,Thomas,Donald,06/29/2010,Gabe Michel,879672769,350677
Evelyn,M.,White,02/01/2023,Bond Liver,904335994,790531
Evelyn,J.,Davis,01/18/2011,Individual Contributor,549192566,255709
Bethany,E.,White,06/26/2005,Individual Contributor,554858231,155257
Hannah,E.,Johnson,12/28/2005,Bond Liver,829416776,943389
Chris,T.,Taylor,03/13/2008,Tim Mint,696073259,37425
Evelyn,Elizabeth,White,04/07/2009,Aaron Artsen,652208475,130144
Frank,Thomas,Donald,05/15/2009,Gabe Michel,561143187,930289
Irene,J.,Taylor,12/17/2006,Bond Liver,542290861,496505
Irene,J.,Taylor,09/07/2005,Individual Contributor,775235965,524199
Hannah,M.,White,04/11/2006,Aaron Artsen,400244305,165526
Alan,M.,Davis,09/18/2010,Individual Contributor,579379412,974734
Alan,E.,White,12/08/2021,Aaron Artsen,735543343,465343
George,J.,Johnson,06/20/2013,Gabe Michel,661984182,535028
Irene,Thomas,Donald,08/14/2021,Gabe Michel,481999809,932825
Frank,Elizabeth,Taylor,05/28/2019,Bond Liver,263049778,235139
Frank,E.,Johnson,11/28/2020,Gabe Michel,161195114,283754
Jake,E.,Davis,10/15/2016,Gabe Michel,218773572,349859
Irene,J.,White,12/04/2015,Individual Contributor,542533395,639080
Jake,M.,Davis,12/20/2005,Bond Liver,314130712,912240
Chris,Marie,Donald,02/16/2008,Aaron Artsen,180535868,847402
Alan,T.,Martin,02/06/2014,Aaron Artsen,139005537,45495
Irene,Elizabeth,Davis,01/02/2015,Gabe Michel,696543026,683361
Chris,Marie,White,04/06/2005,Tim Mint,656256604,339899
George,James,Martin,03/06/2019,Bond Liver,928673468,845163
Derek,M.,Brown,11/29/2010,Individual Contributor,273150342,201806
Chris,Elizabeth,Martin,07/09/2008,Aaron Artsen,416508571,96190
George,T.,Brown,05/05/2012,Tim Mint,217518765,105152
Frank,Marie,Taylor,05/20/2014,Individual Contributor,265061690,296057
George,M.,White,09/26/2021,Bond Liver,565981229,572612
Bethany,James,Johnson,07/04/2010,Gabe Michel,410058055,220101
Evelyn,Elizabeth,Brown,02/10/2020,Gabe Michel,496275270,803110
Hannah,Thomas,Taylor,01/14/2012,Gabe Michel,176715329,548398
Evelyn,T.,Brown,03/26/2018,Gabe Michel,796596508,259141
Evelyn,T.,Johnson,12/27/2005,Bond Liver,644490851,55795
Bethany,J.,Donald,12/29/2009,Aaron Artsen,835745441,274318
Bethany,J.,Martin,05/24/2007,Gabe Michel,303920601,277012
Frank,J.,Taylor,12/26/2009,Gabe Michel,192014513,964108
Bethany,J.,Taylor,12/04/2016,Aaron Artsen,216589858,726745
Chris,James,Donald,04/09/2014,Aaron Artsen,491263867,31228
Chris,J.,Taylor,01/12/2012,Gabe Michel,492614743,4001
Chris,M.,Johnson,09/12/2017,Individual Contributor,721393992,723513
Jake,Thomas,Taylor,09/11/2023,Aaron Artsen,845281725,107718
Derek,Elizabeth,Johnson,06/20/2022,Gabe Michel,728386249,888512
Alan,M.,Martin,03/12/2024,Individual Contributor,555844453,291837
Frank,M.,White,07/21/2007,Gabe Michel,763143527,54874
Evelyn,M.,White,12/21/2005,Individual Contributor,409171043,358790
Chris,T.,Davis,10/01/2023,Bond Liver,152846480,874659
Frank,J.,Donald,10/17/2010,Individual Contributor,754402815,595425
Frank,Elizabeth,Davis,02/01/2021,Bond Liver,526602261,449513
Irene,T.,Donald,12/09/2014,Bond Liver,186120102,867962
George,Marie,Johnson,06/12/2017,Bond Liver,229560533,747352
Hannah,E.,Davis,12/01/2014,Gabe Michel,372781450,593998
Derek,E.,Davis,04/07/2012,Bond Liver,332221776,663674
Alan,Thomas,Smith,09/03/2014,Bond Liver,542549038,299273
Hannah,T.,White,11/16/2022,Bond Liver,706108940,155801
Evelyn,J.,Donald,03/22/2007,Gabe Michel,650956871,280729
Irene,Elizabeth,Taylor,09/23/2024,Bond Liver,268451531,522352
Jake,M.,Johnson,10/24/2023,Gabe Michel,910302965,545937
Frank,James,White,04/05/2008,Aaron Artsen,550868798,103820
Chris,Elizabeth,Davis,10/02/2016,Aaron Artsen,663761630,888907
Hannah,Marie,Taylor,04/19/2006,Bond Liver,840158987,459554
Derek,Elizabeth,Brown,04/01/2017,Gabe Michel,684330183,502643
Derek,E.,Davis,03/03/2014,Gabe Michel,951238580,550368
George,James,Smith,09/09/2017,Aaron Artsen,101138458,77244
Frank,Marie,Brown,05/16/2024,Aaron Artsen,864331425,928129
Chris,E.,Taylor,04/27/2015,Tim Mint,625054415,332003
Jake,M.,Taylor,12/06/2018,Gabe Michel,302523401,780979
Irene,James,Taylor,03/21/2017,Gabe Michel,772811032,64560
Derek,J.,Brown,03/23/2005,Individual Contributor,983630044,434166
Irene,James,Taylor,03/25/2020,Tim Mint,334541766,534473
Derek,James,Davis,01/09/2010,Gabe Michel,688289624,19014
Derek,T.,Taylor,02/19/2023,Gabe Michel,529761521,374201
Chris,M.,Martin,12/19/2022,Gabe Michel,414239375,746560
George,J.,Davis,06/09/2011,Tim Mint,187451426,142441
Jake,James,Johnson,09/25/2014,Tim Mint,700367833,714823
Jake,Marie,Johnson,07/04/2018,Individual Contributor,763591476,350610
Jake,Elizabeth,Donald,07/19/2023,Aaron Artsen,472535884,204713
Irene,Thomas,Martin,04/02/2016,Individual Contributor,917641286,699228
Frank,Marie,Martin,02/25/2024,Individual Contributor,991274124,961546
Frank,E.,Johnson,10/15/2009,Gabe Michel,155966332,19039
Hannah,J.,White,10/20/2023,Tim Mint,407598578,907006
Derek,T.,Smith,01/25/2020,Individual Contributor,183384910,827931
George,E.,Donald,10/22/2005,Gabe Michel,425691213,691231
Evelyn,Elizabeth,Donald,11/15/2020,Bond Liver,578383148,817339
George,Thomas,Brown,12/26/2008,Individual Contributor,759723799,72568
Irene,M.,Smith,08/10/2017,Tim Mint,344086811,711160
Derek,Marie,Smith,07/01/2009,Gabe Michel,157451724,830011
George,M.,Taylor,04/27/2012,Tim Mint,767692048,410926
Bethany,T.,Taylor,05/29/2022,Tim Mint,887498164,663243
Hannah,M.,Donald,03/13/2024,Gabe Michel,917556858,852317
Bethany,J.,Johnson,12/28/2009,Bond Liver,702155019,596069
Evelyn,T.,Davis,09/23/2017,Bond Liver,728527759,908465
Jake,M.,Johnson,11/28/2007,Gabe Michel,476568277,53662
Frank,M.,Smith,09/25/2015,Gabe Michel,721562944,374343
Jake,Thomas,Smith,10/25/2011,Individual Contributor,972163033,355318
Irene,E.,Martin,11/19/2008,Aaron Artsen,846628559,102449
Bethany,Marie,Brown,09/22/2005,Individual Contributor,247215721,466081
George,Thomas,Johnson,06/27/2020,Gabe Michel,799631836,773046
Chris,Elizabeth,Johnson,07/12/2024,Gabe Michel,437145661,10960
Alan,Thomas,Davis,12/09/2008,Aaron Artsen,201098253,800729
Jake,Marie,Davis,06/06/2016,Gabe Michel,321351413,997110
Alan,J.,Donald,11/11/2013,Gabe Michel,461733765,138017
Alan,E.,Davis,11/25/2016,Individual Contributor,860092592,453636
Chris,J.,Johnson,01/16/2012,Tim Mint,670818494,349011
Chris,James,Donald,02/22/2008,Tim Mint,555758321,709522
Bethany,T.,Johnson,01/16/2021,Tim Mint,518056943,103954
Jake,J.,Johnson,12/18/2005,Gabe Michel,440804888,496143
George,Thomas,Taylor,06/05/2009,Tim Mint,418531644,947217
Bethany,J.,Davis,11/15/2024,Gabe Michel,296048738,927310
Irene,James,White,09/28/2008,Individual Contributor,946709588,643478
Hannah,Thomas,White,05/27/2024,Bond Liver,295405157,161261
Chris,Thomas,Johnson,07/29/2020,Tim Mint,393178309,315919
Evelyn,James,Donald,08/20/2008,Gabe Michel,149445450,147572
Alan,J.,Brown,03/12/2019,Bond Liver,547872933,914950
Derek,M.,Martin,06/19/2011,Aaron Artsen,511457247,523678
Chris,M.,Johnson,02/11/2020,Tim Mint,334276222,156803
Jake,Thomas,Brown,05/14/2024,Gabe Michel,280183346,249172
George,J.,Taylor,10/28/2011,Gabe Michel,510378916,39608
Derek,James,Johnson,07/07/2017,Aaron Artsen,444089918,234299
Derek,Elizabeth,Davis,06/27/2006,Bond Liver,898694607,812255
Hannah,Thomas,White,08/20/2008,Aaron Artsen,707759218,15792
George,Thomas,Davis,09/30/2018,Individual Contributor,547528724,179162
Jake,Marie,Johnson,01/31/2016,Tim Mint,625858285,228890
Evelyn,E.,Martin,08/06/2005,Aaron Artsen,132191380,384084
George,Thomas,Martin,11/01/2008,Tim Mint,950344682,861006
Derek,James,Donald,06/03/2013,Gabe Michel,593283817,476232
Bethany,T.,White,09/06/2011,Bond Liver,847890523,129704
Evelyn,Marie,White,05/01/2023,Gabe Michel,241042478,782959
Evelyn,J.,Davis,05/29/2013,Gabe Michel,719506222,576191
Frank,T.,Donald,06/10/2011,Aaron Artsen,806927089,12800
Alan,T.,Brown,10/18/2007,Gabe Michel,708318954,836476
Jake,Marie,Johnson,07/25/2010,Gabe Michel,991393658,890979
Chris,Elizabeth,Donald,03/06/2011,Tim Mint,631357291,736787
Bethany,James,Smith,03/17/2011,Tim Mint,465498255,875820
Chris,Marie,Davis,08/13/2016,Gabe Michel,952833128,600816
Evelyn,T.,White,09/16/2023,Aaron Artsen,991148835,395224
Bethany,T.,Brown,01/02/2016,Gabe Michel,427355749,286607
Chris,Thomas,Brown,12/20/2009,Bond Liver,332548546,914525
Jake,E.,White,07/14/2016,Gabe Michel,439063610,376830
Alan,E.,Davis,11/16/2015,Bond Liver,620285120,968098
Jake,Thomas,Smith,01/28/2017,Aaron Artsen,707736236,630477
Hannah,Thomas,Martin,07/29/2012,Bond Liver,919224738,903382
Irene,Elizabeth,Martin,07/19/2013,Gabe Michel,767220739,169159
Derek,James,Davis,05/25/2021,Bond Liver,519301274,791958
Jake,James,Smith,11/10/2015,Bond Liver,414588716,115653
Jake,M.,White,05/25/2020,Aaron Artsen,728730642,899414
Hannah,Elizabeth,White,07/03/2011,Gabe Michel,961873505,449729
Hannah,E.,Davis,09/15/2008,Gabe Michel,981772644,482909
George,Elizabeth,Brown,10/28/2010,Gabe Michel,938314160,873111
George,J.,Martin,12/30/2005,Gabe Michel,736665557,118669
Evelyn,James,Brown,01/04/2024,Bond Liver,869362269,989152
Derek,J.,Brown,06/02/2019,Aaron Artsen,638644262,405945
Derek,Marie,White,09/22/2023,Individual Contributor,541005377,20771
Irene,Thomas,Brown,12/09/2023,Individual Contributor,953327914,945563
Irene,Marie,Donald,03/22/2012,Individual Contributor,909882425,197079
Alan,E.,Donald,12/11/2024,Tim Mint,314924653,925819
Irene,Thomas,Donald,12/23/2014,Tim Mint,113509188,770043
Bethany,Thomas,Martin,05/08/2012,Aaron Artsen,972325321,49144
Alan,J.,Martin,07/13/2006,Gabe Michel,477517739,526766
George,T.,White,06/15/2011,Bond Liver,570092135,975063
Chris,E.,Martin,10/16/2024,Bond Liver,255497586,567269
Frank,Marie,Donald,09/08/2010,Gabe Michel,737201104,420349
Alan,James,Taylor,01/12/2006,Individual Contributor,246529178,814040
George,James,Johnson,05/18/2012,Gabe Michel,755260419,413400
Alan,E.,Donald,01/14/2019,Aaron Artsen,302963810,165548
Evelyn,Marie,Taylor,05/15/2007,Tim Mint,371221143,982115
Irene,J.,Davis,03/30/2014,Tim Mint,683387471,782251
Bethany,Elizabeth,White,01/11/2009,Aaron Artsen,581936009,202561
Alan,Marie,Johnson,08/26/2020,Gabe Michel,266892383,166000
Derek,M.,Davis,02/21/2023,Tim Mint,616963301,629783
Irene,Elizabeth,Taylor,09/17/2013,Bond Liver,675202465,323927
Jake,Thomas,Smith,08/05/2015,Tim Mint,174740647,478805
Alan,J.,White,11/27/2020,Gabe Michel,910518732,272789
Evelyn,E.,Johnson,02/07/2013,Bond Liver,530973199,686771
Evelyn,J.,Taylor,02/23/2014,Gabe Michel,139118155,888668
Jake,E.,Smith,08/17/2020,Tim Mint,497199362,942000
Hannah,T.,Brown,11/26/2017,Bond Liver,822320758,61578
Derek,T.,Donald,10/26/2014,Individual Contributor,637191345,600836
Evelyn,Elizabeth,Davis,09/16/2007,Individual Contributor,349971254,50805
Derek,Thomas,Smith,05/25/2009,Bond Liver,454858706,3149
Bethany,T.,White,08/28/2021,Individual Contributor,516602268,178317
George,E.,Smith,05/13/2020,Gabe Michel,123918968,184688
Jake,James,Taylor,06/23/2013,Gabe Michel,205973831,51282
Hannah,James,Smith,01/01/2023,Aaron Artsen,321328601,32699
Hannah,J.,Taylor,08/22/2005,Bond Liver,687495412,383711
Bethany,James,Taylor,11/16/2007,Aaron Artsen,492910659,30235
Hannah,E.,Martin,07/07/2021,Gabe Michel,891086396,177201
Evelyn,Thomas,Taylor,10/27/2007,Aaron Artsen,764728119,578830
Irene,Elizabeth,Martin,05/21/2009,Gabe Michel,283714204,240656
Jake,T.,Brown,01/16/2018,Tim Mint,726411576,929898
Derek,James,Johnson,11/11/2011,Aaron Artsen,894014295,324188
Alan,Marie,Donald,04/11/2008,Bond Liver,366669948,593531
Jake,J.,Smith,10/30/2012,Gabe Michel,280963482,157194
